Company Name,Industry,Job Title,Company Size,Location
Acme AI Inc,SaaS,VP Sales,50-200,SF
Alpha Bio,Biotech,Director,200-500,Boston
Orbit Fintech,Fintech,CMO,10-50,NYC
MedTech Plus,Health,CTO,100-1000,Chicago
RoboLogix,Robotics,VP Product,50-200,Austin
DataPulse,Analytics,Head of Sales,20-100,Denver
NanoPharma,Biotech,CEO,10-50,San Diego
GreenGrid,Energy,VP Partnerships,200-500,Seattle
Finverse,Fintech,COO,50-100,Miami
VeloSport,SportsTech,VP Marketing,20-50,LA
AutoMind,Autonomous,Director Sales,50-200,Phoenix
PulsePath,MedTech,CTO,500-1000,Philadelphia
DroneWorks,Aerospace,VP BD,20-50,Dallas
NeuroStack,AI Health,VP Data Science,50-200,NYC
EdgeTrack,Cybersecurity,CSO,200-1000,Chicago
ClearRoute,Logistics,Head of Ops,100-500,Atlanta
NextGenGov,GovTech,Chief Partnerships,50-200,DC
SmartPet,Consumer,CMO,10-50,Portland
AutoTrader+,Mobility,VP Strategy,50-500,Detroit
AquaScan,Maritime,Director Sales,20-100,Miami
